City_ID,City,Country,Date,Lat,Lng,Max Temp,Humidity,Cloudiness,Wind Speed
0,Qaanaaq,GL,2022-06-07 13:27:31,77.484,-69.3632,29.61,91,94,1.1
1,Yar-Sale,RU,2022-06-07 13:27:31,66.8333,70.8333,67.53,27,58,12.41
2,Isangel,VU,2022-06-07 13:27:32,-19.55,169.2667,73.17,82,15,8.16
3,Jumla,NP,2022-06-07 13:27:32,29.2747,82.1838,70.21,43,91,5.01
4,Westport,US,2022-06-07 13:22:44,41.1415,-73.3579,73.72,70,100,1.99
5,Aklavik,CA,2022-06-07 13:27:33,68.2191,-135.0107,33.21,77,28,11.05
6,Mudgee,AU,2022-06-07 13:27:33,-32.5943,149.5871,42.62,88,31,10.31
7,Hambantota,LK,2022-06-07 13:27:33,6.1241,81.1185,82.74,83,20,11.5
8,Karratha,AU,2022-06-07 13:25:31,-20.7377,116.8463,72.46,57,6,8.39
9,Russell,US,2022-06-07 13:27:34,32.3502,-85.1999,74.48,94,100,4.61
10,Quarai,BR,2022-06-07 13:26:07,-30.3875,-56.4514,58.73,88,3,9.42
11,Port Alfred,ZA,2022-06-07 13:24:40,-33.5906,26.891,70.18,62,7,1.99
12,Norman Wells,CA,2022-06-07 13:27:35,65.282,-126.8329,50.04,81,100,2.3
13,Voskresenskoye,RU,2022-06-07 13:27:35,56.8381,45.4317,62.53,49,83,14.29
14,Busselton,AU,2022-06-07 13:27:35,-33.65,115.3333,57.94,53,92,17.29
15,Yulara,AU,2022-06-07 13:27:36,-25.2406,130.9889,50.79,52,0,10.83
16,Iqaluit,CA,2022-06-07 13:27:36,63.7506,-68.5145,44.33,70,20,17.27
17,Jamestown,US,2022-06-07 13:26:59,42.097,-79.2353,63.99,74,100,11.5
18,Tuktoyaktuk,CA,2022-06-07 13:27:37,69.4541,-133.0374,28.4,86,100,12.66
19,Balabac,PH,2022-06-07 13:27:37,7.9868,117.0645,82.51,71,98,2.17
20,Ribeira Grande,PT,2022-06-07 13:27:38,38.5167,-28.7,66.6,94,75,13.8
21,Yellowknife,CA,2022-06-07 13:27:38,62.456,-114.3525,61.32,48,20,6.91
22,Hermanus,ZA,2022-06-07 13:27:39,-34.4187,19.2345,86.81,43,0,4.7
23,Kasungu,MW,2022-06-07 13:27:39,-13.0333,33.4833,67.68,53,98,5.59
24,Brooks,CA,2022-06-07 13:27:39,50.5834,-111.8851,49.98,93,100,10.36
25,Sistranda,NO,2022-06-07 13:27:40,63.7256,8.834,55.36,70,29,23.31
26,Albany,US,2022-06-07 13:24:35,42.6001,-73.9662,70.88,50,100,1.01
27,Port Macquarie,AU,2022-06-07 13:27:40,-31.4333,152.9167,48.85,72,0,8.1
28,Kavieng,PG,2022-06-07 13:27:41,-2.5744,150.7967,81.36,77,86,11.05
29,Marsa Matruh,EG,2022-06-07 13:27:41,31.3525,27.2453,84.4,58,0,11.5
30,Zavyalovo,RU,2022-06-07 13:27:41,54.5053,82.4484,55.13,82,99,11.07
31,Severo-Kurilsk,RU,2022-06-07 13:27:42,50.6789,156.125,44.65,84,100,4.59
32,Ushuaia,AR,2022-06-07 13:27:42,-54.8,-68.3,44.26,53,75,14.97
33,Lagoa,PT,2022-06-07 13:27:42,39.05,-27.9833,64.89,91,100,26.82
34,Yanam,IN,2022-06-07 13:27:43,16.7333,82.2167,88.27,61,43,9.91
35,Avarua,CK,2022-06-07 13:27:43,-21.2078,-159.775,77.05,83,75,13.8
36,Dingle,PH,2022-06-07 13:27:44,10.9995,122.6711,79.39,85,10,1.66
37,Pevek,RU,2022-06-07 13:27:44,69.7008,170.3133,30.51,84,34,5.95
38,Rikitea,PF,2022-06-07 13:27:44,-23.1203,-134.9692,72.54,60,10,15.41
39,Moroni,KM,2022-06-07 13:27:45,-11.7022,43.2551,78.84,78,18,15.97
40,Paris,FR,2022-06-07 13:24:14,48.8534,2.3488,74.37,58,75,12.66
41,Barrow,US,2022-06-07 13:27:45,71.2906,-156.7887,24.82,86,100,14.97
42,Nuuk,GL,2022-06-07 13:27:46,64.1835,-51.7216,48.81,46,0,3.44
43,Biak,ID,2022-06-07 13:27:46,-0.9131,122.8766,76.87,85,93,5.06
44,Prabumulih,ID,2022-06-07 13:27:47,-3.45,104.25,79.07,82,100,2.95
45,Konevo,RU,2022-06-07 13:28:47,62.1215,39.3192,58.19,50,98,5.61
46,San Cristobal,VE,2022-06-07 13:28:48,7.7669,-72.225,75.38,68,23,4.34
47,Taldan,RU,2022-06-07 13:28:48,53.6667,124.8,64.83,51,76,1.25
48,Broken Hill,AU,2022-06-07 13:28:48,-31.95,141.4333,47.82,68,18,8.57
49,Faanui,PF,2022-06-07 13:28:49,-16.4833,-151.75,79.36,76,34,14.32
50,Karpogory,RU,2022-06-07 13:28:49,64.0019,44.4451,63.23,42,100,6.67
51,High Level,CA,2022-06-07 13:28:49,58.5169,-117.136,51.91,87,20,0.0
52,Provideniya,RU,2022-06-07 13:28:50,64.3833,-173.3,42.46,72,26,2.28
53,Plettenberg Bay,ZA,2022-06-07 13:28:50,-34.0527,23.3716,74.07,40,7,3.74
54,Touros,BR,2022-06-07 13:28:51,-5.1989,-35.4608,83.62,62,100,12.44
55,Port Hardy,CA,2022-06-07 13:28:51,50.6996,-127.4199,50.0,100,75,6.91
56,Cherskiy,RU,2022-06-07 13:28:51,68.75,161.3,38.91,64,3,8.63
57,Rawson,AR,2022-06-07 13:28:52,-43.3002,-65.1023,51.37,60,100,22.5
58,Magaria,NE,2022-06-07 13:28:52,12.9983,8.9099,101.08,18,98,9.55
59,Son La,VN,2022-06-07 13:28:53,21.3167,103.9,69.03,97,100,1.48
60,Puerto Ayora,EC,2022-06-07 13:28:53,-0.7393,-90.3518,70.56,94,100,6.8
61,Rio Grande,BR,2022-06-07 13:28:53,-32.035,-52.0986,57.31,81,4,7.25
62,Kapaa,US,2022-06-07 13:28:54,22.0752,-159.319,73.11,91,20,13.8
63,Mariental,NA,2022-06-07 13:28:54,-24.6333,17.9667,72.5,20,0,15.97
64,Nome,US,2022-06-07 13:28:54,64.5011,-165.4064,53.67,54,0,8.05
65,Ancud,CL,2022-06-07 13:28:55,-41.8697,-73.8203,49.03,93,100,8.72
66,Bluff,NZ,2022-06-07 13:28:55,-46.6,168.3333,50.81,74,13,16.28
67,Lannion,FR,2022-06-07 13:28:56,48.75,-3.4167,69.15,72,100,16.11
68,Korla,CN,2022-06-07 13:28:56,41.7597,86.1469,86.97,14,74,10.71
69,Punta Arenas,CL,2022-06-07 13:28:56,-53.15,-70.9167,37.51,65,75,4.61
70,Ganta,LR,2022-06-07 13:28:57,7.3022,-8.5308,82.29,64,100,2.06
71,Inhambane,MZ,2022-06-07 13:28:57,-23.865,35.3833,73.38,56,75,6.91
72,Bintulu,MY,2022-06-07 13:28:58,3.1667,113.0333,77.41,94,40,3.44
73,Tuatapere,NZ,2022-06-07 13:28:58,-46.1333,167.6833,45.64,90,13,6.73
74,Keshabpur,BD,2022-06-07 13:28:58,22.9183,89.2112,89.04,59,100,15.12
75,Tual,ID,2022-06-07 13:28:59,-5.6667,132.75,83.25,71,47,5.93
76,San Patricio,US,2022-06-07 13:28:59,28.017,-97.5169,84.07,74,2,15.3
77,Rosita,NI,2022-06-07 13:28:59,13.9268,-84.4032,76.32,94,61,0.74
78,Ixtapa,MX,2022-06-07 13:29:00,20.7,-105.2,77.23,94,100,0.0
79,Naze,JP,2022-06-07 13:29:00,28.3667,129.4833,70.72,85,100,4.52
80,Beringovskiy,RU,2022-06-07 13:29:01,63.05,179.3167,37.35,90,89,1.5
81,Labuhan,ID,2022-06-07 13:29:01,-6.8844,112.2051,81.19,84,100,8.25
82,Jambi,ID,2022-06-07 13:29:01,-1.6,103.6167,76.86,92,93,3.29
83,Freeport,US,2022-06-07 13:24:03,40.6576,-73.5832,74.3,66,40,14.97
84,New Norfolk,AU,2022-06-07 13:29:02,-42.7826,147.0587,42.3,85,100,5.01
85,Saint-Philippe,RE,2022-06-07 13:29:02,-21.3585,55.7679,74.79,79,57,10.2
86,Bendigo,AU,2022-06-07 13:29:03,-36.7667,144.2833,43.65,61,73,1.99
87,Clyde River,CA,2022-06-07 13:29:03,70.4692,-68.5914,39.43,81,40,3.44
88,Deer Lake,CA,2022-06-07 13:27:50,49.1667,-57.4316,53.46,54,0,3.44
89,Hakui,JP,2022-06-07 13:29:04,36.8833,136.7833,62.24,91,100,4.61
90,Komsomolskiy,UZ,2022-06-07 13:29:04,40.4272,71.7189,93.92,14,0,4.61
91,Lulea,SE,2022-06-07 13:29:05,65.5842,22.1547,62.67,29,0,9.22
92,Eirunepe,BR,2022-06-07 13:28:51,-6.6603,-69.8736,76.59,84,59,2.75
93,Ponta Delgada,PT,2022-06-07 13:30:05,37.7333,-25.6667,66.92,100,75,16.11
94,Maldonado,UY,2022-06-07 13:28:04,-34.6667,-54.9167,43.99,63,12,3.38
95,Arraial Do Cabo,BR,2022-06-07 13:30:06,-22.9661,-42.0278,78.66,47,0,5.75
96,Coihaique,CL,2022-06-07 13:30:07,-45.5752,-72.0662,39.81,93,40,3.44
97,Butaritari,KI,2022-06-07 13:30:07,3.0707,172.7902,81.05,80,100,14.56
98,Moron,AR,2022-06-07 13:30:08,-34.6534,-58.6198,54.97,99,53,5.12
99,Nishihara,JP,2022-06-07 13:30:09,26.1842,127.7558,74.48,94,75,5.75
100,Buraydah,SA,2022-06-07 13:30:10,26.326,43.975,111.65,3,0,6.24
101,Vaini,TO,2022-06-07 13:30:10,-21.2,-175.2,71.76,78,20,6.91
102,Cidreira,BR,2022-06-07 13:30:11,-30.1811,-50.2056,63.91,86,100,5.23
103,Praia Da Vitoria,PT,2022-06-07 13:30:11,38.7333,-27.0667,71.85,83,20,12.44
104,Mataura,NZ,2022-06-07 13:30:12,-46.1927,168.8643,50.49,94,65,3.44
105,Sonoita,MX,2022-06-07 13:30:12,31.85,-112.8333,82.18,26,0,4.18
106,Bengkulu,ID,2022-06-07 13:30:13,-3.8004,102.2655,77.04,88,68,4.88
107,Deputatskiy,RU,2022-06-07 13:30:13,69.3,139.9,43.97,51,0,9.78
108,Kahului,US,2022-06-07 13:30:14,20.8947,-156.47,76.84,75,0,4.0
109,Saint-Augustin,CA,2022-06-07 13:30:14,51.226,-58.6502,57.83,24,0,8.37
110,Cabo San Lucas,MX,2022-06-07 13:27:42,22.8909,-109.9124,78.1,54,0,12.59
111,Bagdarin,RU,2022-06-07 13:30:15,54.4333,113.6,53.91,62,19,2.42
112,Kaitangata,NZ,2022-06-07 13:30:15,-46.2817,169.8464,47.37,80,100,7.99
113,Tiksi,RU,2022-06-07 13:30:15,71.6872,128.8694,40.69,84,52,9.73
114,Fortuna,US,2022-06-07 13:30:16,40.5982,-124.1573,49.98,94,0,3.44
115,Chukhloma,RU,2022-06-07 13:30:16,58.7525,42.6825,59.67,48,98,8.93
116,Sahuaripa,MX,2022-06-07 13:30:17,29.05,-109.2333,81.37,34,100,2.35
117,Hasaki,JP,2022-06-07 13:30:17,35.7333,140.8333,59.4,84,100,17.38
118,Cape Town,ZA,2022-06-07 13:28:00,-33.9258,18.4232,86.11,28,0,9.22
119,Caluquembe,AO,2022-06-07 13:30:18,-13.7833,14.6833,72.19,22,95,5.28
120,Kudahuvadhoo,MV,2022-06-07 13:30:18,2.6708,72.8944,82.6,71,100,5.23
121,Carnarvon,AU,2022-06-07 13:30:19,-24.8667,113.6333,73.47,70,96,15.52
122,Mitsamiouli,KM,2022-06-07 13:30:19,-11.3847,43.2844,78.96,76,69,13.13
123,Novyy Urgal,RU,2022-06-07 13:30:19,51.0736,132.5642,57.81,80,100,3.24
124,Moba,CN,2022-06-07 13:30:20,33.2288,105.0179,59.95,85,98,2.89
125,Bay Roberts,CA,2022-06-07 13:30:20,47.5999,-53.2648,45.03,78,87,10.0
126,Bredasdorp,ZA,2022-06-07 13:30:21,-34.5322,20.0403,80.06,25,0,2.44
127,Hobart,AU,2022-06-07 13:30:19,-42.8794,147.3294,42.66,87,75,19.57
128,Winnemucca,US,2022-06-07 13:25:24,40.973,-117.7357,39.25,87,0,5.75
129,Kefalos,GR,2022-06-07 13:30:21,36.7453,26.9589,79.02,53,0,19.57
130,Namibe,AO,2022-06-07 13:30:22,-15.1961,12.1522,97.43,44,0,13.8
131,Mitu,CO,2022-06-07 13:30:22,1.1983,-70.1733,81.95,71,56,1.45
132,Namatanai,PG,2022-06-07 13:30:24,-3.6667,152.4333,78.28,84,86,7.27
133,Diffa,NE,2022-06-07 13:30:24,13.3154,12.6113,105.31,10,19,14.72
134,Lebu,CL,2022-06-07 13:30:24,-37.6167,-73.65,53.78,97,80,7.05
135,Nelson Bay,AU,2022-06-07 13:30:25,-32.7167,152.15,53.1,71,3,4.0
136,Mahebourg,MU,2022-06-07 13:30:25,-20.4081,57.7,74.25,83,75,8.05
137,Saldanha,ZA,2022-06-07 13:30:26,-33.0117,17.9442,86.05,36,0,14.2
138,Tianmen,CN,2022-06-07 13:30:26,30.6516,113.1603,79.47,69,43,6.15
139,Esperance,AU,2022-06-07 13:31:26,-33.8667,121.9,52.23,70,10,8.59
140,Sioux Lookout,CA,2022-06-07 13:28:50,50.1001,-91.917,57.27,77,20,3.44
141,Barranca,PE,2022-06-07 13:31:27,-10.75,-77.7667,64.74,79,65,4.52
142,Lincolnwood,US,2022-06-07 13:31:28,42.0045,-87.7301,59.38,91,100,14.97
143,Bambous Virieux,MU,2022-06-07 13:31:28,-20.3428,57.7575,74.21,83,75,8.05
144,Languyan,PH,2022-06-07 13:31:28,5.2618,120.0807,78.84,84,24,3.31
145,Mackay,AU,2022-06-07 13:31:29,-21.15,149.2,67.68,70,81,14.16
146,Richards Bay,ZA,2022-06-07 13:31:29,-28.783,32.0377,69.1,64,0,3.98
147,Ayan,RU,2022-06-07 13:31:30,56.45,138.1667,40.68,88,100,11.65
148,Dikson,RU,2022-06-07 13:31:30,73.5069,80.5464,30.88,88,10,4.56
149,Erenhot,CN,2022-06-07 13:31:30,43.6475,111.9767,67.3,24,61,20.24
150,Launceston,AU,2022-06-07 13:26:36,-41.45,147.1667,41.34,70,75,5.75
151,Hilo,US,2022-06-07 13:29:42,19.7297,-155.09,76.28,83,75,8.05
152,Thompson,CA,2022-06-07 13:31:31,55.7435,-97.8558,48.36,61,20,5.75
153,Yeniseysk,RU,2022-06-07 13:31:32,58.4497,92.1703,49.06,79,71,5.28
154,Krasnovishersk,RU,2022-06-07 13:31:32,60.4078,57.082,59.59,57,100,12.55
155,Kandiari,PK,2022-06-07 13:31:33,26.9156,68.5216,108.25,7,0,12.64
156,Udachnyy,RU,2022-06-07 13:31:33,66.4167,112.4,64.45,41,4,8.81
157,Fukue,JP,2022-06-07 13:31:34,32.6881,128.8419,68.34,77,100,10.07
158,Kaeo,NZ,2022-06-07 13:31:34,-35.1,173.7833,62.33,97,98,6.2
159,Port Moresby,PG,2022-06-07 13:31:34,-9.4431,147.1797,78.22,89,40,3.44
160,Bereznik,RU,2022-06-07 13:31:35,62.8551,42.7072,59.54,46,97,8.03
161,Ismailia,EG,2022-06-07 13:31:35,30.6043,32.2723,93.27,33,0,9.22
162,Airai,TL,2022-06-07 13:31:36,-8.9266,125.4092,59.16,86,7,2.93
163,Belaya Gora,RU,2022-06-07 13:31:36,68.5333,146.4167,46.02,42,0,6.35
164,Broome,US,2022-06-07 13:31:37,42.2506,-75.833,69.46,59,0,8.01
165,Port Elizabeth,ZA,2022-06-07 13:27:45,-33.918,25.5701,76.32,51,0,8.05
166,Egvekinot,RU,2022-06-07 13:31:37,66.3167,-179.1667,35.73,69,32,6.93
167,Poum,NC,2022-06-07 13:31:37,-20.2333,164.0167,76.17,74,100,14.03
168,Tahara,JP,2022-06-07 13:31:38,34.6667,137.2667,65.95,29,63,11.07
169,Vila Franca Do Campo,PT,2022-06-07 13:31:38,37.7167,-25.4333,66.61,78,86,12.17
170,Kodiak,US,2022-06-07 13:31:39,57.79,-152.4072,49.51,81,100,0.0
171,Zachepylivka,UA,2022-06-07 13:31:39,49.1939,35.2394,74.44,49,92,5.84
172,Minas Novas,BR,2022-06-07 13:31:40,-17.2186,-42.5903,78.76,33,9,2.89
173,Alofi,NU,2022-06-07 13:31:40,-19.0595,-169.9187,75.09,78,44,9.22
174,Chapais,CA,2022-06-07 13:31:41,49.7834,-74.8492,58.78,82,100,11.54
175,Canaries,ES,2022-06-07 13:31:41,28.0,-15.5,71.4,61,20,26.46
176,Hirara,JP,2022-06-07 13:31:41,24.8,125.2833,75.74,84,100,11.88
177,Polunochnoye,RU,2022-06-07 13:31:42,60.8697,60.4153,60.04,37,100,10.65
178,Severnyy-Kospashskiy,RU,2022-06-07 13:31:42,59.0925,57.8008,53.6,80,100,21.21
179,Saint George,US,2022-06-07 13:27:32,37.1041,-113.5841,73.94,34,0,3.44
180,Atar,MR,2022-06-07 13:31:43,20.5169,-13.0499,110.98,7,90,18.79
181,Atuona,PF,2022-06-07 13:30:24,-9.8,-139.0333,77.52,69,8,14.56
182,Maryville,US,2022-06-07 13:32:44,35.7565,-83.9705,69.67,97,100,8.05
183,Molchanovo,RU,2022-06-07 13:32:44,57.5817,83.7692,46.47,75,70,6.78
184,Guadalupe,MX,2022-06-07 13:29:47,25.6833,-100.25,78.21,94,100,0.0
185,Khairpur Nathan Shah,PK,2022-06-07 13:32:44,27.0936,67.7337,108.75,6,0,10.11
186,Oranjestad,AW,2022-06-07 13:32:45,12.524,-70.027,85.95,66,20,23.02
187,Mayna,RU,2022-06-07 13:32:45,54.1135,47.6231,59.0,66,1,20.27
188,Georgetown,MY,2022-06-07 13:29:06,5.4112,100.3354,82.35,78,20,4.61
189,Peniche,PT,2022-06-07 13:32:46,39.3558,-9.3811,75.07,72,82,12.15
190,Ust-Maya,RU,2022-06-07 13:32:46,60.4167,134.5333,56.17,76,100,4.54
191,Wuwei,CN,2022-06-07 13:32:47,37.9281,102.6414,71.53,31,100,3.89
192,Tasiilaq,GL,2022-06-07 13:32:47,65.6145,-37.6368,42.96,66,100,2.95
193,Nantucket,US,2022-06-07 13:32:47,41.2835,-70.0995,69.15,72,0,11.5
194,Marawi,PH,2022-06-07 13:32:48,7.9986,124.2928,69.26,93,78,1.74
195,Vanimo,PG,2022-06-07 13:32:48,-2.6741,141.3028,78.21,84,100,3.44
196,Pangody,RU,2022-06-07 13:32:48,65.85,74.4859,63.28,33,46,12.82
197,Guerrero Negro,MX,2022-06-07 13:32:49,27.9769,-114.0611,64.24,79,100,12.82
198,Naziya,RU,2022-06-07 13:32:49,59.8,31.3833,70.56,99,10,3.76
199,Licata,IT,2022-06-07 13:32:50,37.1071,13.9461,98.89,50,17,18.05
200,Tura,IN,2022-06-07 13:32:50,25.5198,90.2201,74.98,95,100,5.19
201,Husavik,IS,2022-06-07 13:32:51,66.0449,-17.3389,48.96,77,97,7.78
202,Pafos,CY,2022-06-07 13:32:51,34.7667,32.4167,82.24,65,75,8.05
203,Kiama,AU,2022-06-07 13:32:51,-34.6833,150.8667,51.39,64,1,15.01
204,Vao,NC,2022-06-07 13:32:52,-22.6667,167.4833,73.81,76,100,12.37
205,Gazanjyk,TM,2022-06-07 13:32:52,39.2446,55.5154,102.34,13,54,10.36
206,Kharp,RU,2022-06-07 13:32:52,66.8014,65.8081,67.75,30,17,7.07
207,Victoria,HK,2022-06-07 13:32:22,22.2855,114.1577,79.32,91,100,4.0
208,Dothan,US,2022-06-07 13:31:58,31.2232,-85.3905,78.69,91,100,3.44
209,East London,ZA,2022-06-07 13:32:53,-33.0153,27.9116,74.34,38,0,5.75
210,Qaqortoq,GL,2022-06-07 13:32:53,60.7167,-46.0333,42.87,78,64,9.26
211,Chuy,UY,2022-06-07 13:32:54,-33.6971,-53.4616,59.34,71,0,4.61
212,Khatanga,RU,2022-06-07 13:32:54,71.9667,102.5,53.11,54,99,3.06
213,Kruisfontein,ZA,2022-06-07 13:32:55,-34.0033,24.7314,72.63,36,12,6.38
214,Flagstaff,US,2022-06-07 13:32:55,35.1981,-111.6513,70.12,39,0,4.61
215,Denpasar,ID,2022-06-07 13:32:55,-8.65,115.2167,82.06,89,20,10.36
216,Pangai,TO,2022-06-07 13:32:56,-19.8,-174.35,75.74,62,0,12.44
217,Kumluca,TR,2022-06-07 13:32:56,36.3703,30.2869,80.13,66,12,5.7
218,Pointe Michel,DM,2022-06-07 13:32:56,15.25,-61.3833,85.14,58,20,6.91
219,Cabra,ES,2022-06-07 13:32:57,37.4725,-4.4421,92.89,14,2,8.3
220,Paamiut,GL,2022-06-07 13:32:57,61.994,-49.6678,38.71,85,3,9.1
221,Kuytun,RU,2022-06-07 13:32:57,54.3419,101.5036,46.6,62,7,3.51
222,Ponta Do Sol,PT,2022-06-07 13:32:58,32.6667,-17.1,79.72,72,13,2.19
223,Mae Hong Son,TH,2022-06-07 13:32:58,19.3003,97.9685,75.02,97,100,2.35
224,Shingu,JP,2022-06-07 13:32:59,33.7333,135.9833,61.23,84,99,5.79
225,Fairmont,US,2022-06-07 13:29:26,39.4851,-80.1426,71.24,83,100,8.77
226,Port Hedland,AU,2022-06-07 13:33:00,-20.3167,118.5667,68.05,49,26,10.36
227,Susanville,US,2022-06-07 13:33:00,40.4163,-120.653,56.12,65,0,0.0
228,Angoche,MZ,2022-06-07 13:33:00,-16.2325,39.9086,76.14,70,3,11.39
229,Kalmunai,LK,2022-06-07 13:33:02,7.4167,81.8167,83.98,68,100,4.41
230,Sisimiut,GL,2022-06-07 13:34:02,66.9395,-53.6735,41.52,54,8,11.7
231,Kozlovo,RU,2022-06-07 13:34:02,56.5167,36.2667,66.15,39,12,6.71
232,Tucumcari,US,2022-06-07 13:33:09,35.1717,-103.725,67.95,77,100,13.8
233,Torbay,CA,2022-06-07 13:34:03,47.6666,-52.7314,44.28,89,100,18.99
234,Pangnirtung,CA,2022-06-07 13:34:03,66.1451,-65.7125,42.8,75,20,3.44
235,Sao Felix Do Xingu,BR,2022-06-07 13:34:04,-6.6447,-51.995,85.3,53,41,3.56
236,Telimele,GN,2022-06-07 13:34:05,10.9167,-13.3333,89.31,50,86,2.37
237,Cody,US,2022-06-07 13:34:05,44.5263,-109.0565,54.01,63,100,3.44
238,High Prairie,CA,2022-06-07 13:34:16,55.4334,-116.4858,50.68,96,100,5.79
239,Hami,CN,2022-06-07 13:34:16,42.8,93.45,80.08,15,70,10.2
240,Sol-Iletsk,RU,2022-06-07 13:34:16,51.1631,54.9918,65.95,60,31,20.65
241,Nikolskoye,RU,2022-06-07 13:34:17,59.7035,30.7861,69.87,28,27,4.94
242,Seoul,KR,2022-06-07 13:30:13,37.5683,126.9778,69.4,58,0,9.22
243,Altamont,US,2022-06-07 13:34:17,42.2068,-121.7372,44.78,94,0,3.44
244,Yaan,NG,2022-06-07 13:34:18,7.3833,8.5667,92.71,43,53,3.33
245,Vaitape,PF,2022-06-07 13:34:18,-16.5167,-151.75,79.43,75,32,14.03
246,Vaulx-En-Velin,FR,2022-06-07 13:34:19,45.7833,4.9333,81.28,31,0,9.22
247,Oistins,BB,2022-06-07 13:34:19,13.0667,-59.5333,86.09,70,40,21.85
248,Lleida,ES,2022-06-07 13:34:19,41.6167,0.6167,89.94,34,0,11.5
249,Jesup,US,2022-06-07 13:34:20,31.6074,-81.8854,80.71,78,0,0.0
250,Koson,UZ,2022-06-07 13:34:20,39.0375,65.585,98.92,13,0,3.4
251,Igarka,RU,2022-06-07 13:34:21,67.4667,86.5833,46.38,70,95,11.48
252,Kimbe,PG,2022-06-07 13:34:21,-5.5502,150.1429,75.33,92,69,2.48
253,Upata,VE,2022-06-07 13:34:22,8.0086,-62.3989,74.19,69,97,8.16
254,Trogir,HR,2022-06-07 13:34:22,43.5125,16.2517,82.8,47,0,11.5
255,Sao Filipe,CV,2022-06-07 13:34:22,14.8961,-24.4956,77.67,66,0,6.85
256,Abu Samrah,SY,2022-06-07 13:34:23,35.3029,37.1841,88.39,30,7,18.07
257,Skjervoy,NO,2022-06-07 13:34:23,70.0311,20.9714,50.0,77,100,38.81
258,College,US,2022-06-07 13:32:42,64.8569,-147.8028,55.8,60,20,11.5
259,Beloha,MG,2022-06-07 13:34:24,-25.1667,45.05,67.95,72,92,12.55
260,Progreso,MX,2022-06-07 13:34:24,21.2833,-89.6667,81.1,76,100,10.4
261,Mount Gambier,AU,2022-06-07 13:34:24,-37.8333,140.7667,47.57,72,67,8.93
262,Ilam,NP,2022-06-07 13:34:25,26.9167,87.9167,71.78,86,99,3.74
263,Asau,RO,2022-06-07 13:34:25,46.4333,26.4,78.28,41,91,8.19
264,Kuah,MY,2022-06-07 13:34:26,6.3265,99.8432,80.58,83,20,0.0
265,Mandal,IN,2022-06-07 13:34:26,25.45,74.5667,98.44,13,1,14.65
266,Bokoro,TD,2022-06-07 13:34:26,12.3807,17.0568,108.1,7,1,14.09
267,Puerto Escondido,MX,2022-06-07 13:34:27,15.85,-97.0667,77.83,73,75,5.75
268,Emilio Carranza,MX,2022-06-07 13:34:27,19.9711,-96.6114,82.53,67,63,1.36
269,Katsuura,JP,2022-06-07 13:34:27,35.1333,140.3,62.69,88,100,15.61
270,Vila Velha,BR,2022-06-07 13:34:28,-20.3297,-40.2925,78.75,56,0,8.05
271,Longyearbyen,SJ,2022-06-07 13:34:28,78.2186,15.6401,46.24,61,20,21.85
272,Storforshei,NO,2022-06-07 13:34:29,66.4043,14.5233,49.78,50,40,8.05
273,Kidal,ML,2022-06-07 13:34:29,18.4411,1.4078,103.46,13,32,5.21
274,Nhamunda,BR,2022-06-07 13:34:29,-2.1861,-56.7131,83.68,68,80,3.22
275,Hlukhiv,UA,2022-06-07 13:34:30,51.6782,33.9162,72.48,53,94,3.13
276,Solnechnyy,RU,2022-06-07 13:34:30,50.7214,136.6319,56.46,75,100,3.11
277,Katiola,CI,2022-06-07 13:35:30,8.1333,-5.1,84.83,57,98,4.27
278,Kolobrzeg,PL,2022-06-07 13:35:31,54.1757,15.5834,64.33,72,67,2.8
279,Bandiagara,ML,2022-06-07 13:35:31,14.3501,-3.6104,98.04,27,50,13.13
280,Evensk,RU,2022-06-07 13:35:32,61.95,159.2333,49.75,73,77,10.07
281,Massaguet,TD,2022-06-07 13:35:32,12.4755,15.4365,107.28,8,1,12.12
282,Najran,SA,2022-06-07 13:35:32,17.4924,44.1277,99.25,6,97,15.01
283,Calvinia,ZA,2022-06-07 13:35:33,-31.4707,19.776,70.5,23,0,15.84
284,Chokurdakh,RU,2022-06-07 13:35:33,70.6333,147.9167,35.01,70,6,12.21
285,Bantilan,PH,2022-06-07 13:35:33,14.7519,121.6656,82.83,78,100,3.71
286,Hithadhoo,MV,2022-06-07 13:35:34,-0.6,73.0833,83.68,66,81,4.0
287,San Pedro,PH,2022-06-07 13:35:34,14.35,121.0167,84.34,81,75,5.75
288,Pacific Grove,US,2022-06-07 13:33:27,36.6177,-121.9166,53.71,94,100,13.0
289,Upernavik,GL,2022-06-07 13:35:35,72.7868,-56.1549,31.46,75,22,5.1
290,Mangan,IN,2022-06-07 13:35:35,27.5167,88.5333,76.66,94,94,2.75
291,Meadow Lake,US,2022-06-07 13:35:36,34.8014,-106.5436,78.73,35,3,4.36
292,Talnakh,RU,2022-06-07 13:35:36,69.4865,88.3972,43.21,79,100,11.05
293,Pisco,PE,2022-06-07 13:35:37,-13.7,-76.2167,62.65,94,100,6.91
294,Sao Joao Da Barra,BR,2022-06-07 13:35:37,-21.6403,-41.0511,78.89,48,38,9.64
295,Bathsheba,BB,2022-06-07 13:35:37,13.2167,-59.5167,86.61,70,40,21.85
296,Gigmoto,PH,2022-06-07 13:35:38,13.7796,124.39,82.04,80,9,6.08
297,Chumikan,RU,2022-06-07 13:35:38,54.7183,135.315,36.25,92,38,2.75
298,Kargasok,RU,2022-06-07 13:35:39,59.0556,80.8572,51.3,51,81,4.81
299,At-Bashi,KG,2022-06-07 13:35:39,41.1702,75.8106,63.37,42,6,3.09
300,Sao Paulo De Olivenca,BR,2022-06-07 13:35:39,-3.3783,-68.8725,76.1,92,96,2.1
301,Perelyub,RU,2022-06-07 13:35:40,51.8667,50.3667,64.18,62,3,17.31
302,Vostochnyy,RU,2022-06-07 13:35:40,55.8167,37.8667,69.73,32,10,9.6
303,Aanekoski,FI,2022-06-07 13:35:41,62.6946,25.818,71.67,36,61,8.03
304,Kirakira,SB,2022-06-07 13:35:41,-10.4544,161.9205,79.38,84,73,11.41
305,Loandjili,CG,2022-06-07 13:35:41,-4.7561,11.8578,82.51,74,75,8.05
306,Nioki,CD,2022-06-07 13:35:42,-2.7167,17.6833,93.54,27,82,4.68
307,Sydney,AU,2022-06-07 13:34:31,-33.8679,151.2073,51.71,63,0,21.85
308,Hamilton,US,2022-06-07 13:32:47,39.1834,-84.5333,71.6,94,100,6.91
309,Cervo,ES,2022-06-07 13:35:42,43.6702,-7.4101,67.95,70,99,12.95
310,Monforte De Lemos,ES,2022-06-07 13:35:43,42.5216,-7.5142,78.57,45,75,6.04
311,Sitka,US,2022-06-07 13:35:43,57.0531,-135.33,51.69,82,75,5.75
312,Fairbanks,US,2022-06-07 13:35:14,64.8378,-147.7164,55.81,60,0,11.5
313,Harvard,US,2022-06-07 13:35:44,42.4222,-88.6137,58.68,86,49,6.44
314,Fare,PF,2022-06-07 13:35:44,-16.7,-151.0167,80.04,71,12,15.52
315,Lavrentiya,RU,2022-06-07 13:35:44,65.5833,-171.0,36.19,81,33,1.05
316,Patrasaer,IN,2022-06-07 13:35:45,23.2167,87.5167,92.39,54,99,16.35
317,Nemuro,JP,2022-06-07 13:35:45,43.3236,145.575,44.46,78,100,13.73
318,Canutama,BR,2022-06-07 13:35:46,-6.5339,-64.3831,83.1,65,64,4.0
319,Gat,IL,2022-06-07 13:35:01,31.61,34.7642,87.4,39,0,11.05
320,Sorgun,TR,2022-06-07 13:35:46,39.8101,35.186,70.11,56,97,11.68
321,Sapele,NG,2022-06-07 13:35:47,5.8941,5.6767,81.99,73,99,7.25
322,Wilmington,US,2022-06-07 13:36:04,34.2257,-77.9447,82.99,64,20,5.75
323,Coquimbo,CL,2022-06-07 13:33:16,-29.9533,-71.3436,51.53,100,100,4.61
324,Shumskiy,RU,2022-06-07 13:36:48,54.8318,99.1328,46.0,61,36,3.51
325,Arman,RU,2022-06-07 13:36:48,59.7,150.1667,46.02,85,52,2.1
326,Mar Del Plata,AR,2022-06-07 13:36:48,-38.0023,-57.5575,50.09,93,0,8.05
327,Wanning,CN,2022-06-07 13:36:49,18.8003,110.3967,80.94,87,100,4.76
328,Leningradskiy,RU,2022-06-07 13:36:49,69.3833,178.4167,30.13,90,98,6.06
329,Lufilufi,WS,2022-06-07 13:36:50,-13.8745,-171.5986,71.38,73,15,5.19
330,Dunedin,NZ,2022-06-07 13:36:50,-45.8742,170.5036,52.81,54,94,7.23
331,Hovd,MN,2022-06-07 13:36:50,48.0056,91.6419,59.32,32,33,4.85
332,Planaltina,BR,2022-06-07 13:36:51,-15.4528,-47.6142,78.21,28,4,2.24
333,Shenkursk,RU,2022-06-07 13:36:51,62.1091,42.896,60.12,45,88,9.98
334,Santa Isabel Do Rio Negro,BR,2022-06-07 13:36:51,-0.4139,-65.0192,82.85,67,56,4.18
335,Provost,CA,2022-06-07 13:35:16,52.3501,-110.2683,43.25,57,95,5.44
336,Bell Ville,AR,2022-06-07 13:36:52,-32.6259,-62.6887,54.66,51,0,9.86
337,La Paz,BO,2022-06-07 13:35:20,-16.5,-68.15,42.78,81,40,2.3
338,Fuling,CN,2022-06-07 13:36:52,29.7022,107.3919,75.51,81,97,2.75
339,Bethel,US,2022-06-07 13:36:53,41.3712,-73.414,72.46,67,0,5.75
340,Akureyri,IS,2022-06-07 13:36:53,65.6835,-18.0878,53.53,71,20,6.91
341,Megion,RU,2022-06-07 13:36:54,61.0296,76.1136,55.42,38,33,3.33
342,Castro,BR,2022-06-07 13:36:54,-24.7911,-50.0119,60.57,93,100,4.61
343,Shitanjing,CN,2022-06-07 13:36:55,39.2342,106.3439,72.64,14,49,9.01
344,Ranfurly,NZ,2022-06-07 13:36:55,-45.1333,170.1,38.1,87,55,5.86
345,Huarmey,PE,2022-06-07 13:36:55,-10.0681,-78.1522,65.5,81,79,5.41
346,Kargil,IN,2022-06-07 13:36:56,34.5667,76.1,55.78,38,89,6.46
347,Karachi,PK,2022-06-07 13:36:56,24.9056,67.0822,85.82,66,40,20.71
348,Hohhot,CN,2022-06-07 13:34:40,40.8106,111.6522,73.69,14,0,11.18
349,Esna,EG,2022-06-07 13:36:56,25.2934,32.554,104.02,10,0,14.61
350,Corinto,GR,2022-06-07 13:36:57,37.9407,22.9573,82.42,56,83,1.01
351,Saint-Pierre,RE,2022-06-07 13:36:57,-21.3393,55.4781,74.91,73,20,19.57
352,Sola,VU,2022-06-07 13:36:58,-13.8833,167.55,81.19,65,99,22.15
353,Sao Benedito Do Rio Preto,BR,2022-06-07 13:36:58,-3.3336,-43.5283,86.11,54,98,6.06
354,Pitimbu,BR,2022-06-07 13:36:58,-7.4706,-34.8086,77.59,70,54,7.02
355,Aberdeen,GB,2022-06-07 13:36:59,57.1437,-2.0981,67.5,69,40,8.05
356,Bandarbeyla,SO,2022-06-07 13:36:59,9.4942,50.8122,90.63,47,100,26.49
357,Monte Carmelo,BR,2022-06-07 13:35:29,-18.7247,-47.4986,74.12,35,48,6.89
358,Mnogovershinnyy,RU,2022-06-07 13:37:00,53.9353,139.9242,42.57,72,43,2.19
359,Concarneau,FR,2022-06-07 13:37:00,47.875,-3.9225,66.81,75,100,15.84
360,Kutum,SD,2022-06-07 13:37:01,14.2,24.6667,94.96,9,2,12.84
361,Huainan,CN,2022-06-07 13:37:01,32.6264,116.9969,75.7,48,9,7.74
362,Oriximina,BR,2022-06-07 13:37:02,-1.7656,-55.8661,81.99,69,100,2.33
363,Grand Gaube,MU,2022-06-07 13:37:02,-20.0064,57.6608,74.37,75,59,4.0
364,Mahibadhoo,MV,2022-06-07 13:37:03,3.7833,72.9667,82.85,72,97,8.03
365,Nanortalik,GL,2022-06-07 13:37:05,60.1432,-45.2371,41.63,82,38,8.25
366,Sobolevo,RU,2022-06-07 13:37:06,54.4299,31.8996,69.15,64,91,4.27
367,Kismayo,SO,2022-06-07 13:37:07,-0.3582,42.5454,80.06,75,51,18.1
368,Port-Gentil,GA,2022-06-07 13:38:07,-0.7193,8.7815,84.16,70,20,11.5
369,Ilulissat,GL,2022-06-07 13:38:07,69.2167,-51.1,41.02,42,0,5.75
370,Taywarah,AF,2022-06-07 13:38:08,33.35,64.4167,70.34,11,46,1.68
371,Luis Correia,BR,2022-06-07 13:38:08,-2.8792,-41.6669,86.0,70,20,5.75
372,Juneau,US,2022-06-07 13:38:09,58.3019,-134.4197,53.22,94,100,6.91
373,Suntar,RU,2022-06-07 13:38:09,62.1444,117.6319,58.77,64,41,6.26
374,Bud,US,2022-06-07 13:38:09,39.447,-86.1758,69.82,90,100,7.43
375,Le Vauclin,MQ,2022-06-07 13:38:10,14.5452,-60.8388,84.25,70,75,16.11
376,Belmonte,BR,2022-06-07 13:38:10,-15.8631,-38.8828,77.45,64,24,4.85
377,Faya,SA,2022-06-07 13:38:11,18.3851,42.4509,88.32,19,42,0.92
378,Valreas,FR,2022-06-07 13:38:11,44.3837,4.9908,87.67,18,3,16.6
379,Tiffin,US,2022-06-07 13:38:11,41.1145,-83.178,68.36,93,97,12.17
380,Hofn,IS,2022-06-07 13:38:12,64.2539,-15.2082,49.93,81,100,8.19
381,Berlevag,NO,2022-06-07 13:38:12,70.8578,29.0864,48.0,66,75,9.22
382,Lata,PT,2022-06-07 13:38:13,40.1629,-8.3327,82.49,43,63,11.03
383,Moorhead,US,2022-06-07 13:38:13,46.8739,-96.7676,60.98,64,20,6.91
384,Warwick,US,2022-06-07 13:34:49,41.7001,-71.4162,76.01,55,40,12.66
385,Arrifes,PT,2022-06-07 13:38:13,37.7667,-25.7,70.23,100,75,16.11
386,Nikel,RU,2022-06-07 13:38:14,69.4128,30.222,44.78,76,82,6.93
387,Pokhara,NP,2022-06-07 13:38:14,28.2333,83.9833,80.91,56,64,4.54
388,Srednekolymsk,RU,2022-06-07 13:38:15,67.45,153.6833,37.8,58,31,9.1
389,Petropavlovsk-Kamchatskiy,RU,2022-06-07 13:38:15,53.0452,158.6483,43.39,100,75,6.71
390,Raudeberg,NO,2022-06-07 13:38:15,61.9875,5.1352,65.07,76,18,29.44
391,The Valley,AI,2022-06-07 13:38:16,18.217,-63.0578,85.86,77,13,19.06
392,Orlik,RU,2022-06-07 13:38:16,52.5178,99.825,44.38,62,9,5.26
393,Langsa,ID,2022-06-07 13:38:16,4.4683,97.9683,76.01,88,100,0.36
394,Tazovskiy,RU,2022-06-07 13:38:17,67.4667,78.7,45.77,52,100,5.37
395,Oneonta,US,2022-06-07 13:38:17,42.4529,-75.0638,74.3,54,100,14.81
396,Springbok,ZA,2022-06-07 13:38:17,-29.6643,17.8865,72.97,18,0,20.31
397,Hailar,CN,2022-06-07 13:38:18,49.2,119.7,57.38,51,5,6.53
398,Seminole,US,2022-06-07 13:38:18,28.7086,-81.2081,83.41,80,20,4.61
399,Cabadiangan,PH,2022-06-07 13:38:19,9.7531,122.4739,79.52,85,4,1.41
400,Sao Gabriel Da Cachoeira,BR,2022-06-07 13:38:19,-0.1303,-67.0892,80.4,83,40,4.61
401,Port Augusta,AU,2022-06-07 13:38:19,-32.5,137.7667,53.17,63,74,6.53
402,Punta Alta,AR,2022-06-07 13:38:20,-38.8759,-62.0736,55.71,58,100,17.83
403,Halifax,CA,2022-06-07 13:37:50,44.6453,-63.5724,68.52,67,20,1.99
404,Padang,ID,2022-06-07 13:38:20,-0.9492,100.3543,78.3,88,89,1.86
405,Ilebo,CD,2022-06-07 13:38:21,-4.3167,20.5833,91.74,26,100,3.91
406,Livingstonia,MW,2022-06-07 13:38:21,-10.606,34.1063,63.88,73,69,7.58
407,Camacha,PT,2022-06-07 13:38:22,33.0833,-16.3333,69.22,68,20,12.66
408,Buchanan,LR,2022-06-07 13:38:22,5.8808,-10.0467,80.91,76,82,4.23
409,Mbuyapey,PY,2022-06-07 13:38:22,-26.2,-56.75,61.14,94,100,0.34
410,Amga,RU,2022-06-07 13:38:23,60.8953,131.9608,57.33,86,100,4.0
411,Teopisca,MX,2022-06-07 13:38:23,16.5167,-92.4833,60.33,92,100,2.08
412,Waipawa,NZ,2022-06-07 13:38:23,-41.4122,175.5153,53.37,86,64,9.22
413,Havoysund,NO,2022-06-07 13:38:24,70.9963,24.6622,46.63,76,98,34.4
414,Haines Junction,CA,2022-06-07 13:39:24,60.7522,-137.5108,40.95,100,100,1.14
415,Veraval,IN,2022-06-07 13:39:25,20.9,70.3667,85.28,80,3,12.17
416,Askiz,RU,2022-06-07 13:39:25,53.1319,90.5264,51.84,60,18,4.23
417,Moose Factory,CA,2022-06-07 13:39:26,51.2585,-80.6094,53.6,87,75,6.91
418,Algiers,DZ,2022-06-07 13:39:12,36.7525,3.042,80.42,61,40,10.36
419,Barrancas,CO,2022-06-07 13:39:26,10.9576,-72.7877,84.94,68,19,3.33
420,Henties Bay,NA,2022-06-07 13:39:26,-22.116,14.2845,81.88,26,0,6.02
421,Codrington,AU,2022-06-07 13:39:27,-38.2667,141.9667,50.22,65,100,16.62
422,Agadez,NE,2022-06-07 13:39:27,19.75,10.25,102.99,8,14,13.22
423,Barcelos,PT,2022-06-07 13:39:28,41.5388,-8.6151,78.91,52,52,9.82
424,Shenjiamen,CN,2022-06-07 13:39:28,29.9576,122.298,66.22,89,4,7.27
425,Partsa,RU,2022-06-07 13:39:28,54.3653,42.8617,65.53,45,11,10.8
426,Mercedes,AR,2022-06-07 13:39:29,-34.6515,-59.4307,56.17,55,95,7.0
427,Menongue,AO,2022-06-07 13:39:29,-14.6585,17.691,74.55,24,51,10.09
428,North Bend,US,2022-06-07 13:39:30,43.4065,-124.2243,53.85,97,0,4.61
429,Garden City,US,2022-06-07 13:36:25,42.3256,-83.331,67.93,96,100,8.05
430,Margate,GB,2022-06-07 13:39:30,51.3813,1.3862,63.7,82,71,4.0
431,Nova Zagora,BG,2022-06-07 13:39:30,42.4833,26.0167,80.01,40,86,13.89
432,American Canyon,US,2022-06-07 13:39:31,38.1749,-122.2608,61.25,85,0,1.99
433,Mangai,CD,2022-06-07 13:39:31,-4.05,19.5333,90.43,26,100,3.98
434,Taltal,CL,2022-06-07 13:39:32,-25.4,-70.4833,64.8,68,7,4.7
435,Svetlyy,RU,2022-06-07 13:39:32,54.675,20.1347,71.65,77,67,5.84
436,Ust-Omchug,RU,2022-06-07 13:39:32,61.15,149.6333,43.77,76,94,3.94
437,Ahuimanu,US,2022-06-07 13:39:33,21.4447,-157.8378,75.36,79,20,8.05
438,Guanare,VE,2022-06-07 13:39:33,9.0418,-69.7421,76.66,88,100,4.5
439,Alexandria,EG,2022-06-07 13:39:34,31.2156,29.9553,82.94,69,20,17.27
440,Okha,RU,2022-06-07 13:39:35,53.5739,142.9478,40.48,93,36,6.73
441,Buala,SB,2022-06-07 13:39:35,-8.145,159.5921,80.44,79,92,9.35
442,Rocha,UY,2022-06-07 13:39:36,-34.4833,-54.3333,57.38,64,10,3.89
443,Kitimat,CA,2022-06-07 13:39:36,54.0524,-128.6534,49.91,25,55,3.33
444,Cherbourg,FR,2022-06-07 13:39:37,49.6386,-1.6147,64.11,82,100,16.11
445,Boden,SE,2022-06-07 13:39:37,65.8252,21.6886,62.6,24,5,8.1
446,Alice Springs,AU,2022-06-07 13:39:37,-23.7,133.8833,42.35,87,0,2.3
447,Alyangula,AU,2022-06-07 13:39:38,-13.8483,136.4192,76.75,79,100,13.0
448,Brandon,US,2022-06-07 13:36:30,27.9378,-82.2859,84.9,84,0,1.99
449,Matara,LK,2022-06-07 13:39:38,5.9485,80.5353,78.49,89,100,8.97
450,Energeticheskiy,KZ,2022-06-07 13:39:39,43.4278,77.0222,81.16,32,40,8.95
451,Fort Nelson,CA,2022-06-07 13:39:39,58.8053,-122.7002,53.19,94,100,0.0
452,Channel-Port Aux Basques,CA,2022-06-07 13:39:39,47.5702,-59.1367,50.56,71,0,6.04
453,Meulaboh,ID,2022-06-07 13:39:40,4.1363,96.1285,79.3,74,100,2.26
454,Narsaq,GL,2022-06-07 13:39:40,60.9167,-46.05,53.82,66,59,7.78
455,Sayyan,YE,2022-06-07 13:39:41,15.1718,44.3244,77.14,12,100,12.19
456,Chengde,CN,2022-06-07 13:39:41,40.9725,117.9361,58.21,58,17,4.94
457,Cravo Norte,CO,2022-06-07 13:39:41,6.3017,-70.2041,81.79,71,10,8.68
458,Puerto Colombia,CO,2022-06-07 13:39:42,10.9878,-74.9547,82.49,75,36,8.14
459,Kilindoni,TZ,2022-06-07 13:39:42,-7.9139,39.6668,78.87,73,29,17.76
460,Lompoc,US,2022-06-07 13:39:42,34.6391,-120.4579,53.49,95,100,3.44
461,Zalantun,CN,2022-06-07 13:40:43,48.0,122.7167,57.52,64,88,1.74
462,Nobeoka,JP,2022-06-07 13:40:43,32.5833,131.6667,65.55,86,100,3.11
463,Mezen,RU,2022-06-07 13:40:43,65.8522,44.24,59.36,60,63,5.93
464,Yeppoon,AU,2022-06-07 13:40:44,-23.1333,150.7333,56.98,60,37,5.75
465,Shache,CN,2022-06-07 13:40:44,38.4167,77.2406,84.65,19,99,2.28
466,Batticaloa,LK,2022-06-07 13:40:45,7.7102,81.6924,84.22,69,100,0.56
467,Jacksonville,US,2022-06-07 13:37:34,30.3322,-81.6556,86.04,85,40,3.44
468,Kieta,PG,2022-06-07 13:40:45,-6.2167,155.6333,78.58,85,100,4.34
469,Lakes Entrance,AU,2022-06-07 13:40:46,-37.8811,147.981,46.17,85,88,21.74
470,Sabla,NG,2022-06-07 13:40:46,12.7525,4.7077,96.87,27,89,4.76
471,Salalah,OM,2022-06-07 13:40:47,17.0151,54.0924,89.69,58,20,12.66
472,Cayenne,GF,2022-06-07 13:40:47,4.9333,-52.3333,82.44,78,100,4.61
473,Cairns,AU,2022-06-07 13:40:47,-16.9167,145.7667,74.07,89,75,6.91
474,Taoudenni,ML,2022-06-07 13:40:48,22.6783,-3.9836,114.03,7,1,16.28
475,Paita,PE,2022-06-07 13:40:48,-5.0892,-81.1144,66.76,75,71,10.31
476,Goderich,CA,2022-06-07 13:40:46,43.7501,-81.7165,51.91,93,100,12.66
477,Pokoynoye,RU,2022-06-07 13:40:49,44.8097,44.2517,82.24,32,47,7.43
478,Paramonga,PE,2022-06-07 13:40:49,-10.6667,-77.8333,65.19,81,69,4.83
479,Yambio,SS,2022-06-07 13:40:49,4.5721,28.3955,85.37,49,99,6.04
480,Brae,GB,2022-06-07 13:40:50,60.3964,-1.353,52.9,66,9,16.11
481,Cuamba,MZ,2022-06-07 13:40:50,-14.8031,36.5372,70.12,64,82,9.69
482,Kununurra,AU,2022-06-07 13:40:52,-15.7667,128.7333,78.78,69,100,2.3
483,Souillac,MU,2022-06-07 13:40:52,-20.5167,57.5167,73.78,83,75,8.05
484,Tibana,RO,2022-06-07 13:40:52,46.9833,27.3333,81.99,40,75,6.26
485,Polson,US,2022-06-07 13:40:53,47.6936,-114.1632,49.21,65,100,4.41
486,Lingyuan,CN,2022-06-07 13:40:53,41.24,119.4011,58.03,66,1,4.63
487,Woodward,US,2022-06-07 13:40:54,36.4337,-99.3904,67.23,88,0,4.61
488,Salto Del Guaira,PY,2022-06-07 13:40:54,-24.0625,-54.3069,65.79,90,99,5.3
489,Makaha,US,2022-06-07 13:40:55,21.4694,-158.2175,75.4,73,7,6.46
490,Maymyo,MM,2022-06-07 13:40:55,22.0333,96.4667,71.6,79,99,3.74
491,Aykhal,RU,2022-06-07 13:40:56,66.0,111.5,56.98,53,35,10.07
492,Foso,GH,2022-06-07 13:40:56,5.7012,-1.2866,90.25,46,61,2.77
493,Loiza,PR,2022-06-07 13:40:56,18.4313,-65.8802,87.8,69,40,12.66
494,Sakakah,SA,2022-06-07 13:40:57,29.9697,40.2064,105.37,9,0,11.97
495,Zaragoza,ES,2022-06-07 13:40:57,41.6561,-0.8773,93.02,28,0,8.05
496,Otane,NZ,2022-06-07 13:40:57,-39.8833,176.6333,59.02,98,85,3.42
497,Fenyi,CN,2022-06-07 13:40:58,27.8112,114.6681,75.06,92,64,1.21
498,Saint-Joseph,RE,2022-06-07 13:40:58,-21.3667,55.6167,73.78,78,65,11.43
499,Los Llanos De Aridane,ES,2022-06-07 13:40:59,28.6585,-17.9182,71.13,77,20,19.57
500,Luwuk,ID,2022-06-07 13:40:59,-0.9516,122.7875,76.95,87,62,3.89
501,Yabelo,ET,2022-06-07 13:40:59,4.8833,38.0833,64.78,63,92,4.83
502,Yining,CN,2022-06-07 13:41:00,29.0361,114.5636,72.93,87,99,2.39
503,Tabory,RU,2022-06-07 13:41:00,58.5198,64.5495,57.54,79,100,12.17
504,Teguldet,RU,2022-06-07 13:41:01,57.3064,88.1667,47.23,98,100,3.11
505,Sorland,NO,2022-06-07 13:41:01,67.667,12.6934,48.06,71,75,11.5
506,Nova Olimpia,BR,2022-06-07 13:40:17,-14.7972,-57.2881,90.95,37,13,2.01
507,Rolandia,BR,2022-06-07 13:42:02,-23.3097,-51.3692,62.51,70,81,2.71
508,San Luis,AR,2022-06-07 13:42:02,-33.295,-66.3356,62.58,37,100,16.62
509,Maksatikha,RU,2022-06-07 13:42:02,57.797,35.8825,66.56,35,11,7.18
510,Glace Bay,CA,2022-06-07 13:42:03,46.1969,-59.957,63.9,61,20,14.97
511,Port Blair,IN,2022-06-07 13:42:03,11.6667,92.75,80.64,89,100,5.75
512,Zhigansk,RU,2022-06-07 13:42:04,66.7697,123.3711,55.98,86,56,8.28
513,Kucevo,RS,2022-06-07 13:42:04,44.4775,21.67,84.92,36,51,11.7
514,Lethem,GY,2022-06-07 13:42:05,3.3803,-59.7968,80.28,72,100,8.61
515,Constitucion,CL,2022-06-07 13:42:05,-35.3333,-72.4167,55.38,68,0,1.12
516,Manggar,ID,2022-06-07 13:42:05,-2.8833,108.2667,81.45,75,20,2.39
517,Chicama,PE,2022-06-07 13:42:06,-7.8447,-79.1469,59.54,72,23,4.76
518,Dax,FR,2022-06-07 13:42:06,43.75,-1.1667,79.47,80,75,3.44
519,Tourlaville,FR,2022-06-07 13:42:07,49.6383,-1.5664,63.12,94,100,14.97
520,Camana,PE,2022-06-07 13:42:07,-16.6228,-72.7111,64.51,85,97,6.93
521,Upington,ZA,2022-06-07 13:42:07,-28.4478,21.2561,77.38,22,0,8.05
522,Awjilah,LY,2022-06-07 13:42:08,29.1081,21.2869,101.26,14,0,12.55
523,Samarai,PG,2022-06-07 13:42:08,-10.6167,150.6667,82.02,79,97,10.2
524,Radhanpur,IN,2022-06-07 13:42:09,23.8333,71.6,94.73,39,3,14.09
525,Bubaque,GW,2022-06-07 13:42:09,11.2833,-15.8333,79.61,74,100,4.81
526,Dawson Creek,CA,2022-06-07 13:37:31,55.7666,-120.2362,44.24,100,100,0.0
527,Itarema,BR,2022-06-07 13:42:09,-2.9248,-39.9167,83.14,66,85,12.39
528,Sinnamary,GF,2022-06-07 13:42:10,5.3833,-52.95,80.22,78,90,4.76
529,Babol,IR,2022-06-07 13:42:11,36.5513,52.679,86.07,65,100,15.21
530,Vanderhoof,CA,2022-06-07 13:42:11,54.0166,-124.0198,48.38,70,7,4.0
531,Belyy Yar,RU,2022-06-07 13:42:11,53.6039,91.3903,60.69,39,0,8.95
532,Chiapa,MX,2022-06-07 13:42:12,18.4669,-96.945,70.34,66,100,1.01
533,Aracati,BR,2022-06-07 13:42:12,-4.5617,-37.7697,84.0,64,44,9.91
534,Buzmeyin,TM,2022-06-07 13:42:12,38.0507,58.2056,103.73,8,75,4.61
535,Soma,TR,2022-06-07 13:42:13,39.1855,27.6094,83.35,43,19,16.64
536,Faisalabad,PK,2022-06-07 13:42:13,31.4167,73.0833,107.94,8,18,6.04
537,Zyryanka,RU,2022-06-07 13:42:14,65.75,150.85,42.57,52,12,7.81
538,Ukiah,US,2022-06-07 13:42:14,39.1502,-123.2078,59.65,82,0,0.0
539,Aksu,CN,2022-06-07 13:42:14,41.1231,80.2644,81.79,17,2,13.58
540,Tarpon Springs,US,2022-06-07 13:39:36,28.1461,-82.7568,85.19,82,40,3.44
541,Itoman,JP,2022-06-07 13:42:15,26.1247,127.6694,75.22,92,75,5.75
542,Morehead,US,2022-06-07 13:42:15,37.2711,-87.1764,73.99,99,100,0.0
543,Phuket,TH,2022-06-07 13:42:16,8.0,98.25,86.09,83,20,5.75
544,Haradok,BY,2022-06-07 13:42:16,55.4624,29.9816,75.31,62,90,6.35
545,Oyama,JP,2022-06-07 13:42:17,36.3,139.8,57.67,86,100,5.86
546,Maraa,BR,2022-06-07 13:42:17,-1.8333,-65.3667,81.19,66,15,4.54
547,Larsnes,NO,2022-06-07 13:43:17,62.2028,5.5773,68.41,71,60,17.76
548,Wahpeton,US,2022-06-07 13:43:18,46.2652,-96.6059,65.12,59,0,3.44
549,Piranshahr,IR,2022-06-07 13:43:18,36.701,45.1413,81.46,22,12,15.66
550,Ostrovnoy,RU,2022-06-07 13:43:19,68.0531,39.5131,53.85,62,97,6.98
551,Avera,US,2022-06-07 13:43:19,33.194,-82.5271,77.56,67,93,5.08
552,Hobyo,SO,2022-06-07 13:43:19,5.3505,48.5268,82.42,69,99,24.76
553,Great Yarmouth,GB,2022-06-07 13:43:20,52.6083,1.7305,71.1,80,69,6.82
554,Morristown,US,2022-06-07 13:43:20,36.214,-83.2949,72.34,31,40,9.22
555,Pacifica,US,2022-06-07 13:41:07,37.6138,-122.4869,57.43,92,40,9.22
556,Stromness,GB,2022-06-07 13:43:21,58.965,-3.296,53.56,80,57,7.0
557,Roma,US,2022-06-07 13:38:40,43.2128,-75.4557,72.95,50,100,12.66
558,Clinton,US,2022-06-07 13:40:53,42.587,-82.9199,69.82,92,100,10.36
559,Mersing,MY,2022-06-07 13:43:21,2.4312,103.8405,82.31,83,40,3.44
560,Lindome,SE,2022-06-07 13:43:22,57.5667,12.0833,71.44,75,20,14.0
561,Angoram,PG,2022-06-07 13:43:22,-4.0625,144.0661,73.56,98,100,1.23
562,Houston,US,2022-06-07 13:38:53,29.7633,-95.3633,85.15,77,20,7.0
563,Salinopolis,BR,2022-06-07 13:43:23,-0.6136,-47.3561,80.13,80,56,2.75
564,Tambura,SS,2022-06-07 13:43:23,5.6,27.4667,81.82,59,87,6.22
565,Leshukonskoye,RU,2022-06-07 13:43:23,64.8989,45.7622,65.44,47,89,4.21
566,Xai-Xai,MZ,2022-06-07 13:43:24,-25.0519,33.6442,69.94,63,0,5.86
567,Leh,IN,2022-06-07 13:43:24,34.1667,77.5833,59.18,26,53,6.8
568,Pasinler,TR,2022-06-07 13:43:25,39.9803,41.6764,68.99,38,63,7.49
569,Nabire,ID,2022-06-07 13:43:25,-3.3667,135.4833,76.68,92,80,3.02
570,Kuroiso,JP,2022-06-07 13:43:25,36.9667,140.05,52.5,97,100,3.09
571,Monte Alegre De Minas,BR,2022-06-07 13:43:26,-18.8706,-48.8808,79.61,32,18,10.47
572,Gravdal,NO,2022-06-07 13:43:26,68.1214,13.5031,42.69,81,75,11.5
573,Rawicz,PL,2022-06-07 13:43:27,51.6095,16.8585,64.94,89,100,5.7
574,Emerald,AU,2022-06-07 13:41:59,-23.5333,148.1667,54.34,80,81,9.42
575,Pahrump,US,2022-06-07 13:43:27,36.2083,-115.9839,74.25,32,0,1.39
576,Nokaneng,BW,2022-06-07 13:43:28,-19.6667,22.2667,75.02,21,0,11.12
577,Tomatlan,MX,2022-06-07 13:43:28,19.9333,-105.25,76.8,74,91,1.61
578,Baijiantan,CN,2022-06-07 13:43:28,45.6333,85.1833,83.44,16,0,14.0
579,Vardo,NO,2022-06-07 13:43:29,70.3705,31.1107,44.58,76,100,3.44
580,Isla Mujeres,MX,2022-06-07 13:43:29,21.2311,-86.731,82.17,82,80,12.48
581,Zholymbet,KZ,2022-06-07 13:43:30,51.7433,71.7122,77.29,37,99,5.97
